﻿<?xml version="1.0" encoding="utf-8" ?>
<Config Configuration="Release" AppPool="MGI">
  <Git Repository="https://github.com/Tauron1990/MGI-Project-Manager.git" Brunch="Release"/>
  <Ports>
    <Port Name="Dispatcher" Port="85"/>
    <Port Name="Identity" Port="90"/>
  </Ports>
  <Services>
    <Service FromResources="true" Id="Dispatcher" ProjectName="Tauron.CQRS.Server\Tauron.CQRS.Server.csproj" ServiceType="Essential" Name="ServiceName_Dispatcher" Description="ServiceDescription_Dispatcher"/>
  </Services>
</Config>
